{
    "loss": 0.14204464852809906,
    "accuracy": 0.9496402740478516
}